tipe,volume
botol,844
botol,752
botol,883
botol,789
botol,764
botol,787
botol,766
botol,873
botol,899
botol,897
botol,769
botol,750
botol,872
botol,835
botol,764
botol,863
botol,865
botol,798
botol,821
botol,808
botol,885
botol,784
botol,793
botol,899
botol,804
botol,839
botol,887
botol,791
botol,885
botol,800
botol,882
botol,854
botol,897
botol,838
botol,827
botol,760
botol,798
botol,803
botol,858
botol,859
botol,872
botol,866
botol,872
botol,895
botol,756
botol,773
botol,875
botol,763
botol,754
botol,882
botol,759
botol,805
botol,813
botol,833
botol,798
botol,828
botol,850
botol,845
botol,886
botol,816
botol,782
botol,818
botol,871
botol,768
botol,753
botol,899
botol,865
botol,786
botol,770
botol,807
botol,788
botol,767
botol,817
botol,835
botol,878
botol,882
botol,897
botol,771
botol,875
botol,800
botol,754
botol,864
botol,826
botol,823
botol,794
botol,851
botol,771
botol,788
botol,859
botol,875
botol,897
botol,894
botol,807
botol,803
botol,889
botol,818
botol,894
botol,801
botol,857
botol,831
pouch,1015
pouch,980
pouch,1048
pouch,1021
pouch,967
pouch,995
pouch,1026
pouch,994
pouch,960
pouch,1044
pouch,1042
pouch,975
pouch,962
pouch,953
pouch,1026
pouch,988
pouch,1001
pouch,996
pouch,967
pouch,988
pouch,975
pouch,954
pouch,1018
pouch,985
pouch,994
pouch,956
pouch,951
pouch,985
pouch,1009
pouch,983
pouch,992
pouch,966
pouch,1034
pouch,956
pouch,1038
pouch,1040
pouch,981
pouch,1002
pouch,1021
pouch,967
pouch,1005
pouch,981
pouch,967
pouch,963
pouch,1002
pouch,1016
pouch,966
pouch,989
pouch,1035
pouch,1043
pouch,977
pouch,1046
pouch,975
pouch,1037
pouch,1044
pouch,1025
pouch,992
pouch,1015
pouch,1007
pouch,964
pouch,950
pouch,1023
pouch,982
pouch,997
pouch,996
pouch,992
pouch,1007
pouch,950
pouch,997
pouch,970
pouch,981
pouch,979
pouch,1041
pouch,988
pouch,1041
pouch,1033
pouch,997
pouch,963
pouch,1046
pouch,999
pouch,1030
pouch,1020
pouch,984
pouch,1048
pouch,992
pouch,1027
pouch,1028
pouch,953
pouch,975
pouch,1038
pouch,961
pouch,970
pouch,966
pouch,968
pouch,997
pouch,1039
pouch,1049
pouch,986
pouch,1002
pouch,1010
